{
    "weights": {
        "undertone": {
            "skin": 0.46427416801452637,
            "lip": 0.2678629159927368,
            "hair": 0.2678629159927368
        },
        "depth": {
            "skin": 0.5744425058364868,
            "hair": 0.4255574941635132
        },
        "chroma": {
            "skin": 0.4828917384147644,
            "lip": 0.2650165855884552,
            "eye": 0.25209158658981323
        },
        "contrast": {
            "hair_skin": 0.5017131567001343,
            "eye": 0.24914337694644928,
            "lip": 0.24914337694644928
        }
    },
    "scales": {
        "undertone": 2.25,
        "depth": 3.5,
        "chroma": 0.11999999731779099,
        "contrast": 3.0
    },
    "offsets": {
        "undertone": 0.6000000238418579,
        "depth": 0.10000000149011612,
        "chroma": -23.0,
        "contrast": -0.6200000047683716
    },
    "seasons": {
        "DARK AUTUMN": [
            0.75,
            -0.6499999761581421,
            0.25,
            0.3499999940395355
        ],
        "DARK WINTER": [
            -0.699999988079071,
            -0.699999988079071,
            0.550000011920929,
            0.699999988079071
        ],
        "LIGHT SPRING": [
            0.6000000238418579,
            0.75,
            0.44999998807907104,
            0.4000000059604645
        ],
        "LIGHT SUMMER": [
            -0.6000000238418579,
            0.800000011920929,
            -0.15000000596046448,
            0.10000000149011612
        ],
        "MUTED AUTUMN": [
            0.6499999761581421,
            -0.10000000149011612,
            -0.44999998807907104,
            -0.4000000059604645
        ],
        "MUTED SUMMER": [
            -0.6499999761581421,
            0.20000000298023224,
            -0.550000011920929,
            -0.5
        ],
        "BRIGHT SPRING": [
            0.550000011920929,
            0.4000000059604645,
            0.8500000238418579,
            0.75
        ],
        "BRIGHT WINTER": [
            -0.75,
            -0.10000000149011612,
            0.8500000238418579,
            0.8999999761581421
        ],
        "WARM AUTUMN": [
            0.949999988079071,
            -0.4000000059604645,
            0.10000000149011612,
            -0.10000000149011612
        ],
        "WARM SPRING": [
            0.8999999761581421,
            0.6000000238418579,
            0.699999988079071,
            0.5
        ],
        "COOL WINTER": [
            -0.949999988079071,
            -0.5,
            0.6000000238418579,
            0.8500000238418579
        ],
        "COOL SUMMER": [
            -0.8999999761581421,
            0.4000000059604645,
            -0.30000001192092896,
            -0.20000000298023224
        ]
    }
}